configuration,ground_truth,image,PSNR_norm,SSIM_norm,MSSSIM_norm,IWSSIM_norm,VIF_norm,FSIM_norm,GMSD_norm,MSGMSD_norm,HAARPSI_norm,UQI_norm,S3IM_norm,TV_norm,BRISQUE_norm,CLIP-IQA_norm
scene_2201,image_113_full,image_113_full,1.0,1.0,1.0,1.0,1.0,1.0,1.0,1.0,1.0,1.0,1.0,1.0,1.0,0.3824763906382556
scene_2201,image_113_full,image_113_128,0.2231339121448165,0.6273576490357946,0.742220669752501,0.7258734045973069,0.17623909370719285,0.208436515492964,0.450393672,0.4873032133,0.43684451020894993,0.961419788771109,0.5683884942949279,0.770995367,0.5280003271,0.3597358482785711
scene_2201,image_113_full,image_113_16,0.0,0.0,0.0,0.0,0.0,0.01475039269204565,0.0,0.0,0.0,0.0,0.0,0.0,0.0,0.8200838107136559
scene_2201,image_113_full,image_113_256,0.2909597746065417,0.8334769414541144,0.8979400814148697,0.8978647903082178,0.35378412840575574,0.5362319989376952,0.695936093,0.7141669535,0.7012525116246532,0.9859515857995174,0.7803478461710798,0.8875364317,0.6427195732,1.0
scene_2201,image_113_full,image_113_32,0.07780433695986931,0.1279364845413323,0.2002725134060395,0.18015659968505093,0.024269432263108046,0.0,0.05013028391,0.07177801214,0.06254163830097231,0.6648979249455482,0.1079017346747689,0.2465033313,0.5939518665,0.2778583286348216
scene_2201,image_113_full,image_113_64,0.16246637097039482,0.39533266802558376,0.5245933147419574,0.4850838374438474,0.0798261202041526,0.0637953496643026,0.2329058345,0.2735994722,0.23459524181187408,0.9072545515039668,0.3493055678830796,0.5850372164,0.751540034,0.0
scene_2203,image_209_full,image_209_full,1.0,1.0,1.0,1.0,1.0,1.0,1.0,1.0,1.0,1.0,1.0,1.0,0.0,1.0
scene_2203,image_209_full,image_209_128,0.12086161162685587,0.467109447992184,0.6076659868839187,0.6284519444172733,0.14991225703290625,0.253788418163056,0.2897745242,0.3250519437,0.27907539525982744,0.810313827834533,0.4019667483328597,0.5919768719,0.6358633032,0.7195564542976118
scene_2203,image_209_full,image_209_16,0.0,0.0,0.0,0.0,0.0,0.0,0.00629031852,0.0005892507542,0.0,0.0,0.0,0.03293320186,0.4013569773,0.8896261595613146
scene_2203,image_209_full,image_209_256,0.15699868320181048,0.7637156699011972,0.8504442140299612,0.8633997984638792,0.3359865665438385,0.6040727612420533,0.5926114519,0.615890338,0.5968619761953876,0.8481953086494894,0.6939954356477139,0.8401107314,1.0,0.7621295171491825
scene_2203,image_209_full,image_209_32,0.008983834486017354,0.04471635273085621,0.09090683348346067,0.12462287768988108,0.021120327586245678,0.008611454668055827,0.0,0.0,0.001285938968248589,0.12915262921278084,0.029308809648788355,0.0,0.336614169,0.0
scene_2203,image_209_full,image_209_64,0.07364747306744739,0.20582768993349188,0.321054544731462,0.35243759984237577,0.06489867552842932,0.08242483247738397,0.08053989575,0.1015489766,0.08933619631897977,0.6795836800985727,0.1678576238631591,0.2550639046,0.7790980201,0.3022412301833137
scene_2205,image_090_full,image_090_full,1.0,1.0,1.0,1.0,1.0,1.0,1.0,1.0,1.0,1.0,1.0,1.0,0.3205536828,0.0
scene_2205,image_090_full,image_090_128,0.221258448804915,0.5483496279289277,0.6539014291072592,0.6669884173420624,0.16999489315627894,0.1307881332608095,0.3626712682,0.3973520291,0.3838340029388591,0.9581520635766169,0.49060036140208263,0.673031825,0.5362643009,0.9923314485777793
scene_2205,image_090_full,image_090_16,0.0,0.0,0.0,0.0,0.0,0.0,0.0,0.0,0.009456811894911477,0.0,0.0,0.0,0.0,1.0
scene_2205,image_090_full,image_090_256,0.3212925865186789,0.8215734652226834,0.8811793866824514,0.8909448345616862,0.3487605239464292,0.4072149854829911,0.6926126627,0.7039050486,0.705174154893243,0.9923401591277781,0.7627722706914181,0.8625273868,1.0,0.4778515976804514
scene_2205,image_090_full,image_090_32,0.06321079385830984,0.03501608307618172,0.05755222607339097,0.09664658575052074,0.025205994689322105,0.016800606089655334,7.520798186e-05,0.006148177158,0.0,0.5612148220006528,0.025486732325348965,0.01632827419,0.2665671105,0.5425624138776344
scene_2205,image_090_full,image_090_64,0.1669107521921941,0.27996121000706303,0.372339902689391,0.37671586085362,0.07164108280143486,0.05008592202319771,0.1405136713,0.1704903001,0.14401471597092996,0.9096750129716514,0.2413566155606581,0.4063934813,0.8703814733,0.6041360498227624
scene_2207,image_154_full,image_154_full,1.0,1.0,1.0,1.0,1.0,1.0,1.0,1.0,1.0,1.0,1.0,1.0,0.0,0.0
scene_2207,image_154_full,image_154_128,0.16761358592181635,0.6989019160121486,0.7876866096229898,0.7940686124559141,0.2342798527503977,0.13536253226282532,0.5797795874,0.6015154976,0.556875269031924,0.8817764909211852,0.6549717789977257,0.7548163253,0.5112436663,0.47328655130410485
scene_2207,image_154_full,image_154_16,0.0011004383484414047,0.0,0.0,0.0,0.0,0.0,0.0,0.0,0.0,0.05761446184880708,0.0,0.0,0.4868114334,1.0
scene_2207,image_154_full,image_154_256,0.3280761759301444,0.8935032998922326,0.9292931512605277,0.9340187395170297,0.4297793023403991,0.4408553164487132,0.8263982567,0.8327778305,0.8235811617273826,0.9905839083638537,0.8677525233190464,0.8978243233,1.0,0.16087853892824894
scene_2207,image_154_full,image_154_32,0.0,0.15619610210086257,0.24471242223755155,0.23544789976715366,0.04410651007322884,0.005389952668672556,0.1028468144,0.1216163975,0.09665442969695204,0.0,0.1418272585514149,0.2650978707,0.4443946978,0.9263605512806703
scene_2207,image_154_full,image_154_64,0.11917579454398805,0.42282872085071577,0.5376018216387682,0.5266650619337635,0.11662466044309222,0.04022525812496752,0.2975083402,0.3265980907,0.2649417738383062,0.7890296809927554,0.38538873528986856,0.5351122325,0.1965358193,0.5060570081676234
scene_2209,image_064_full,image_064_full,1.0,1.0,1.0,1.0,1.0,1.0,1.0,1.0,1.0,1.0,1.0,0.8472730373,0.0,1.0
scene_2209,image_064_full,image_064_128,0.2599844879339986,0.5080588656448154,0.6374655519884725,0.636648653144985,0.16421199314975995,0.26329392611688707,0.2901502635,0.3385111365,0.3039794938353193,0.973604317383477,0.4479644652558074,0.5412979366,1.0,0.29593683635977835
scene_2209,image_064_full,image_064_16,0.04834127851926609,0.0,0.0,0.0,0.0,0.0,0.0,0.0,0.0,0.3776129421880977,0.0,0.006214999641,0.3731442015,0.295030335271414
scene_2209,image_064_full,image_064_256,0.0,0.3948633488592824,0.5796469045271629,0.4289885611310403,0.0008428849974429882,0.24951397483824436,0.4512181373,0.4262683548,0.31861358114969524,0.0,0.39191878357058085,1.0,0.5678915721,0.26578575103090857
scene_2209,image_064_full,image_064_32,0.09746455057147076,0.05891500263085025,0.09737918368176553,0.11708283629235437,0.021928604380748097,0.004027201957150588,0.004102277548,0.008722497089,0.007088108295964699,0.6545933619614688,0.045498035664490094,0.0,0.4675154357,0.10019622977944287
scene_2209,image_064_full,image_064_64,0.1704174510445171,0.232496921420153,0.33677940338321793,0.3429587406531672,0.07032557848600915,0.08988311148083718,0.07847585097,0.1045282353,0.09628208642219364,0.8793575641689612,0.19680188554510233,0.2341488848,0.5997915837,0.0
scene_2211,image_091_full,image_091_full,1.0,1.0,1.0,1.0,1.0,1.0,1.0,1.0,1.0,1.0,1.0,1.0,0.4470451541,0.7733401175355424
scene_2211,image_091_full,image_091_128,0.1528633801087367,0.4663522429091247,0.5979254895076727,0.621888022577127,0.1463567835472692,0.1384940613368228,0.2842716335,0.3189600296,0.29776566574456936,0.8726869793561718,0.40576177040188216,0.6372957085,0.578480825,0.4722554057612757
scene_2211,image_091_full,image_091_16,0.0,0.0,0.0,0.0,0.0,0.010441571737572312,0.0,0.0,0.0,0.0,0.0,0.0,0.0,0.6704449164746585
scene_2211,image_091_full,image_091_256,0.2684024751268228,0.7638311657391218,0.8487902040655126,0.8677637424051531,0.31511251724552086,0.44493716377088316,0.5970264926,0.6132829389,0.6202637774920828,0.9815337966051123,0.6911111383918377,0.8477033023,1.0,1.0
scene_2211,image_091_full,image_091_32,0.09746074741274532,0.11744755116687938,0.17378539442075264,0.16923402566538834,0.01820295521186199,0.0,0.05424097504,0.06569576407,0.04275889910544314,0.7521478166393475,0.09811659917753729,0.2194226935,0.2104832788,0.0
scene_2211,image_091_full,image_091_64,0.14086614261489336,0.26513852475786165,0.3698970410736735,0.3797931557628975,0.059817237260572954,0.038490940152759376,0.1424469004,0.1649236766,0.12936403319157477,0.8719847933567972,0.2247790007936975,0.4338847355,0.4090498244,0.25423204096935814
scene_2213,image_192_full,image_192_full,1.0,1.0,1.0,1.0,1.0,1.0,1.0,1.0,1.0,1.0,1.0,1.0,1.0,0.48132753775018006
scene_2213,image_192_full,image_192_128,0.19707771959698506,0.47009363878112687,0.6064414622414973,0.6112446283815237,0.15487343100491094,0.19742139539709327,0.2726995917,0.3180577511,0.3060867123591128,0.9484717597027426,0.41362604113922885,0.6326226406,0.5274976499,0.235964403324787
scene_2213,image_192_full,image_192_16,0.0,0.0,0.0,0.0,0.0,0.0,0.0,0.0,0.0,0.0,0.0,0.0,0.0,1.0
scene_2213,image_192_full,image_192_256,0.27186960898341833,0.7809873540038402,0.8644599627381754,0.8768750621474573,0.3687948564064107,0.5377917610862264,0.5987603658,0.6232255291,0.671608964775057,0.9819438849493264,0.7116848670330869,0.8533021259,0.7893089795,0.0
scene_2213,image_192_full,image_192_32,0.05788139956362378,0.14255794914931844,0.21061777003837487,0.17637671224446558,0.01688408617679165,0.0011775335049220782,0.07197480312,0.09390548889,0.08542730060458376,0.5163769597779861,0.12707373271361241,0.310312691,0.4005467222,0.731140063332045
scene_2213,image_192_full,image_192_64,0.11204472126874664,0.29032954772169534,0.40244753307055453,0.37548877613467185,0.05691525703155108,0.053028765167676024,0.1610575834,0.1932774448,0.1676975461175124,0.7751231085426435,0.2569854765294245,0.4992617931,0.4729372638,0.45320237383198253
scene_2216,image_100_full,image_100_full,1.0,1.0,1.0,1.0,1.0,1.0,1.0,1.0,1.0,1.0,1.0,1.0,0.9439058424,0.0
scene_2216,image_100_full,image_100_128,0.10438785497272364,0.5146627866470093,0.6464133422892083,0.6550360069379615,0.1323923942187591,0.21156903681195208,0.3664248834,0.3976621583,0.3958183317477936,0.7693905798699472,0.4513655930083537,0.7049621863,0.7032656464,0.9771690198879808
scene_2216,image_100_full,image_100_16,0.022302285101941762,0.0,0.0,0.0,0.0,0.0,0.0,0.0,0.0,0.4578453074854551,0.0,0.0,0.0,1.0
scene_2216,image_100_full,image_100_256,0.21290797504937384,0.7667572053419784,0.8512323087001806,0.859938419775367,0.29069336880776114,0.5318282481140366,0.6255503043,0.6427338206,0.6606207665882854,0.9573869214281574,0.6954735323271385,0.8543007271,1.0,0.3385342114701893
scene_2216,image_100_full,image_100_32,0.04255264658192865,0.08672142974555025,0.1440771768746305,0.14276884344408658,0.019040839114521074,0.01476391519978512,0.04778386823,0.05894184028,0.0511048069222224,0.5751889348381004,0.07743517325061512,0.2232270798,0.4508127837,0.496944067331008
scene_2216,image_100_full,image_100_64,0.0,0.270848138798618,0.39574907778449064,0.39076219443858806,0.058104754925802804,0.07941931608677955,0.1722546079,0.1990568519,0.19643331589034838,0.0,0.23510597601274116,0.4928090372,0.6169269578,0.7860092319440222
scene_2217,image_211_full,image_211_full,1.0,1.0,1.0,1.0,1.0,1.0,1.0,1.0,1.0,1.0,1.0,1.0,0.0,0.11182215290680142
scene_2217,image_211_full,image_211_128,0.21273981016099244,0.758329019329799,0.8204663164929739,0.8246928070814149,0.2746267078832815,0.13547503826636006,0.6388061926,0.6536126838,0.5686479002254347,0.9390409878657111,0.7212646452265113,0.7570945221,0.6417870116,0.0
scene_2217,image_211_full,image_211_16,0.0,0.0,0.0,0.0,0.0,0.0,0.0,0.0,0.0,0.0,0.0,0.0,0.8496670107,1.0
scene_2217,image_211_full,image_211_256,0.2604773138975861,0.9090985155815391,0.9368240286000119,0.9418891605055066,0.4734817318970191,0.39879460597238525,0.8537226983,0.8569725486,0.8361843036021988,0.9553971555988996,0.8888887399737737,0.8901796214,1.0,0.2437720883487657
scene_2217,image_211_full,image_211_32,0.07910245656433613,0.2911556792312951,0.35816225009167957,0.3198297214858279,0.05198541924350297,0.01584763616766781,0.1808026197,0.1991920508,0.1466676966197136,0.6114084895928429,0.268138989607331,0.3480233047,0.6884103088,0.6430248235496847
scene_2217,image_211_full,image_211_64,0.06335855118417516,0.5063536687554864,0.5973705198539233,0.5837729938075915,0.13894017069750675,0.04264297362393314,0.3707586184,0.3946020421,0.31561796491209415,0.32280271328189847,0.4698779284244269,0.5570217913,0.2760204449,0.17417048553007505
scene_2219,image_170_full,image_170_full,1.0,1.0,1.0,1.0,1.0,1.0,1.0,1.0,1.0,1.0,1.0,1.0,0.1050756965,0.0
scene_2219,image_170_full,image_170_128,0.1943005118246817,0.7234459373336928,0.8047849248408029,0.7981378885935525,0.26795798126739995,0.23112334625581468,0.571397972,0.6017293196,0.5512114023018044,0.9490034020975353,0.6726944791357413,0.7890735077,0.0,0.5140162933291482
scene_2219,image_170_full,image_170_16,0.014433638216359476,0.0,0.0,0.0,0.0,0.0,0.0,0.0,0.0,0.46091384692176524,0.0,0.0,0.4786299994,0.989289514027529
scene_2219,image_170_full,image_170_256,0.17066067246791172,0.8993714601612148,0.9336880851549747,0.9334915123281912,0.4296366801906492,0.5325190312470214,0.8312359951,0.8398126591,0.8268204780986969,0.8859087488034503,0.8703729111602585,0.9257896323,1.0,0.7345579926214825
scene_2219,image_170_full,image_170_32,0.0,0.21545403419949924,0.293784675923992,0.25457706915605216,0.046139876136666674,0.03967842751713431,0.1212776306,0.1445753465,0.11194125416573654,0.0,0.1904010422917954,0.3431700094,0.57363011,1.0
scene_2219,image_170_full,image_170_64,0.10651321067482344,0.44864384646017186,0.5588507192662511,0.5305542107547179,0.13345477904499412,0.10245083395474,0.2870223796,0.3260901321,0.2692981339933534,0.8193881022234651,0.40221195414950817,0.5686896214,0.200844827,0.8117509973120723
scene_2304,image_212_full,image_212_full,1.0,1.0,1.0,1.0,1.0,1.0,1.0,1.0,1.0,1.0,1.0,1.0,0.2775629153,0.5257603060825291
scene_2304,image_212_full,image_212_128,0.16003782102285471,0.5901872967033365,0.7133679688729114,0.7226412587639951,0.08963728865675576,0.837515431424623,0.5492101413,0.5674313746,0.4876487753141026,0.9004449586227367,0.43966445408526084,0.639306723,1.0,0.3824710391571753
scene_2304,image_212_full,image_212_16,0.02413083650162372,0.0399390641597831,0.06050820775829846,0.04802893708508654,0.006262912446782219,0.17639190747648786,0.07797928263,0.08486904443,0.035439099539649105,0.2751118677981159,0.03815097508583216,0.09062242742,0.2810569725,0.8343970814497359
scene_2304,image_212_full,image_212_32,0.055253621562048535,0.11651641437349486,0.15418392611037285,0.12109496758374075,0.016553731391567864,0.3878158512604917,0.1324750071,0.1354221483,0.07312152015964107,0.5385989834328597,0.0915517506960553,0.1771472297,0.5959081337,1.0
scene_2304,image_212_full,image_212_64,0.11274650866059689,0.28674165874105395,0.401342737406824,0.37717589471436574,0.04258238081428998,0.6414094271486742,0.2584904645,0.2722792767,0.18195632425908687,0.8172865830954468,0.20663169748283938,0.3457440584,0.7599881498,0.978360146736657
scene_2304,image_212_full,image_212_8,0.0,0.0,0.0,0.0,0.0,0.0,0.0,0.0,0.0,0.0,0.0,0.0,0.0,0.0
scene_2308,image_373_full,image_373_full,1.0,1.0,1.0,1.0,1.0,1.0,1.0,1.0,1.0,1.0,1.0,1.0,1.0,0.0
scene_2308,image_373_full,image_373_128,0.23789174472025865,0.6035622598293727,0.7056469036677524,0.7775092118259164,0.09628517914546249,0.7392567641803501,0.6036401402,0.5983962512,0.5789885669631922,0.9695895242851656,0.46548631450101224,0.6093467558,0.7179352318,0.7021996599814007
scene_2308,image_373_full,image_373_16,0.035098654240080726,0.0,0.0,0.026789098816146474,0.012619651149779733,0.264331897910969,0.07548398269,0.08345798674,0.011217304047560515,0.3518071054783161,0.0,0.0,0.1984272526,0.733812633938704
scene_2308,image_373_full,image_373_32,0.11584775883423495,0.15822834774166253,0.19479946283078284,0.1843774792921851,0.02916990829863518,0.44207838048726655,0.2061178903,0.215756797,0.10300177350508208,0.7900969588212268,0.10863855735397802,0.2016287558,0.3973687953,1.0
scene_2308,image_373_full,image_373_64,0.16544164322357796,0.3176317437578264,0.43092202690504916,0.49997908855372236,0.05772714151490393,0.6323605906982476,0.3392182176,0.3554513146,0.26090377166614026,0.9027513984238907,0.22264334153946758,0.3524931257,0.4821775425,0.9140317406959261
scene_2308,image_373_full,image_373_8,0.0,0.06387437430237365,0.02866696907959252,0.0,0.0,0.0,0.0,0.0,0.0,0.0,0.032918362338608925,0.03304970963,0.0,0.01584542469869566
scene_2312,image_287_full,image_287_full,1.0,1.0,1.0,1.0,1.0,1.0,1.0,1.0,1.0,1.0,1.0,1.0,0.5584775705,0.0
scene_2312,image_287_full,image_287_128,0.24378051688654206,0.676999178486864,0.7684747819090131,0.8322777552670388,0.10338643556027347,0.6532400117828331,0.711690389,0.688392633,0.6744440799306977,0.9725131584304947,0.5332849783344329,0.654370917,1.0,0.7920557865709515
scene_2312,image_287_full,image_287_16,0.08575088451288428,0.04751943945886341,0.08150198193043716,0.08358378003844597,0.01614742296858307,0.3013368543198161,0.14461572,0.1449585379,0.05744675202577228,0.6983617327608539,0.038254179263919594,0.102470055,0.2548372328,0.7456775186780081
scene_2312,image_287_full,image_287_32,0.10965057811226359,0.16959508842209134,0.24616361834246672,0.2421976415685287,0.03840805077641918,0.44882718525086546,0.2622057677,0.2652598212,0.14121210786916388,0.723193388362324,0.12409662227449685,0.2472874192,0.5282956096,1.0
scene_2312,image_287_full,image_287_64,0.18206039257350085,0.4003690582172884,0.520049284447788,0.5831746994655105,0.06717796522966625,0.5861036342599637,0.4500036669,0.4475601877,0.34604000345440317,0.9260892957886464,0.28556655156706584,0.4306710337,0.6161433231,0.8663091571202322
scene_2312,image_287_full,image_287_8,0.0,0.0,0.0,0.0,0.0,0.0,0.0,0.0,0.0,0.0,0.0,0.0,0.0,0.691783569294379
scene_2316,image_222_full,image_222_full,1.0,1.0,1.0,1.0,1.0,1.0,1.0,1.0,1.0,1.0,1.0,1.0,0.7371868768,0.0
scene_2316,image_222_full,image_222_128,0.2176061047459779,0.5864868840282572,0.7053299721844499,0.7817139423317362,0.07656888446875243,0.654826368574664,0.6325534261,0.6201278817,0.5623742681932817,0.9579140481402304,0.4595137658567049,0.6636401108,1.0,0.8779407704219988
scene_2316,image_222_full,image_222_16,0.056190485911214255,0.007237897049162531,0.043652411952387435,0.05274070803511938,0.009667383855650124,0.2547010809926222,0.1036539498,0.1126261634,0.03719087512695449,0.5228144445766763,0.015507827102593966,0.1124316982,0.3179032647,0.5490058320599868
scene_2316,image_222_full,image_222_32,0.14293669956422508,0.11988871074747737,0.18217079136078917,0.19122229120568005,0.02086505189332701,0.39305564388492514,0.2070120204,0.2138959569,0.09636349758947076,0.8867267984309812,0.0981882231570965,0.2667521387,0.6116336149,1.0
scene_2316,image_222_full,image_222_64,0.17777682434491213,0.32967515046384865,0.4576835714630373,0.515028570982247,0.041459908702926235,0.5401379888844288,0.3796172844,0.3870979393,0.27735267560495586,0.9321535533432861,0.24852756011368396,0.4579543541,0.8061305814,0.9998872538224148
scene_2316,image_222_full,image_222_8,0.0,0.0,0.0,0.0,0.0,0.0,0.0,0.0,0.0,0.0,0.0,0.0,0.0,0.32301017765308687
scene_2320,image_181_full,image_181_full,1.0,1.0,1.0,1.0,1.0,1.0,1.0,1.0,1.0,1.0,1.0,1.0,1.0,0.0
scene_2320,image_181_full,image_181_128,0.20243855034104316,0.6535277892061392,0.7391012304740924,0.8104836221127102,0.08687578966914512,0.6829344707368987,0.6754347076,0.6470627262,0.6217368472768334,0.9477640184889302,0.4870879184266569,0.626927304,0.6601033704,0.5894697965842715
scene_2320,image_181_full,image_181_16,0.0,0.0,0.0,0.027493987918940525,0.009492961268497621,0.15146814252006718,0.07597023528,0.07438193574,0.013359611104078949,0.0,0.0,0.0,0.1454273384,0.3813690001090608
scene_2320,image_181_full,image_181_32,0.12400607459682723,0.21499350756977925,0.23477153170746742,0.20262990380094764,0.021635879775866652,0.3442403119140084,0.2350754638,0.2259891614,0.11745818705508003,0.8467850314934227,0.1318253123685002,0.2332524038,0.3712377832,1.0
scene_2320,image_181_full,image_181_64,0.15055413960919561,0.40981535733199886,0.5095936050368447,0.5699104578290916,0.04934222450276724,0.5201016678922878,0.4280320663,0.4181454352,0.3194144451338913,0.8911221913157064,0.2679643000015147,0.3956875498,0.4043763726,0.9765211677800049
scene_2320,image_181_full,image_181_8,0.010199732715409192,0.08464452936577009,0.042253833263157355,0.0,0.0,0.0,0.0,0.0,0.0,0.12530166973585874,0.04981623499746558,0.02517942094,0.0,0.23370559230365892
scene_3201,SWFD_semicircle_sc_BP_slice0031,SWFD_semicircle_sc_BP_slice0031,1.0,1.0,1.0,1.0,1.0,1.0,1.0,1.0,1.0,1.0,1.0,0.9999604965,0.0,0.0
scene_3201,SWFD_semicircle_sc_BP_slice0031,"SWFD_semicircle_sc,lv128_BP_slice0031",0.0,0.8697107804715271,0.6832779302477621,0.2830991903282515,0.0981626820891757,0.3743751381201363,0.7651255966,0.7349983156,0.604496503658726,0.0,0.8651657786968665,1.0,0.1454555146,0.3973503598972601
scene_3201,SWFD_semicircle_sc_BP_slice0031,"SWFD_semicircle_sc,ss128_BP_slice0031",0.2559133802189931,0.7369919701477077,0.8090167405292992,0.8071551554260341,0.24211756031850987,0.5676158947902407,0.8768888184,0.7797338146,0.7740963108246417,0.9721268556592234,0.7330867406435809,0.7358373262,0.302844524,0.4230546409987746
scene_3201,SWFD_semicircle_sc_BP_slice0031,"SWFD_semicircle_sc,ss32_BP_slice0031",0.08276376924972625,0.0,0.0,0.0,0.0,0.0,0.0,0.0,0.0,0.7082371130848492,0.0,0.0,1.0,1.0
scene_3201,SWFD_semicircle_sc_BP_slice0031,"SWFD_semicircle_sc,ss64_BP_slice0031",0.18783574178020662,0.39100022562404424,0.5251132909310753,0.5880717237270349,0.09924153860703713,0.22708379603836368,0.5724751336,0.4612989488,0.5117526225722927,0.9406509425012483,0.3924929410868717,0.3861376694,0.4324911705,0.9028913788780153
scene_3203,SWFD_semicircle_sc_BP_slice0090,SWFD_semicircle_sc_BP_slice0090,1.0,1.0,1.0,1.0,1.0,1.0,1.0,1.0,1.0,1.0,1.0,1.0,0.001862332668,0.4802764516108471
scene_3203,SWFD_semicircle_sc_BP_slice0090,"SWFD_semicircle_sc,lv128_BP_slice0090",0.0,0.9509548723147642,0.9020206342013536,0.6694427447149544,0.26927855240853504,0.2480473465053076,0.8755869602,0.8725883095,0.8976520785544861,0.0,0.9514713840310922,0.9834650754,0.0,0.05778232824461154
scene_3203,SWFD_semicircle_sc_BP_slice0090,"SWFD_semicircle_sc,ss128_BP_slice0090",0.3171950512263392,0.8726620076779279,0.9236648672770227,0.9138848773357017,0.44180907667969915,0.3908074635111114,0.9222501103,0.8543221836,0.9152402522093902,0.9882333752568108,0.8719242227561274,0.8463450018,0.928376435,0.0
scene_3203,SWFD_semicircle_sc_BP_slice0090,"SWFD_semicircle_sc,ss32_BP_slice0090",0.10668815204882671,0.0,0.0,0.0,0.0,0.0,0.0,0.0,0.0,0.8397095116451867,0.0,0.0,0.914159663,1.0
scene_3203,SWFD_semicircle_sc_BP_slice0090,"SWFD_semicircle_sc,ss64_BP_slice0090",0.17617627726784427,0.5060595319305357,0.6587396329354821,0.7191036480293662,0.17162764858893867,0.04802365062506506,0.6274403153,0.5438228456,0.6784011601910959,0.9208918657813022,0.5196562479281872,0.4933818296,1.0,0.6431073375108219
scene_3205,SWFD_semicircle_sc_BP_slice0070,SWFD_semicircle_sc_BP_slice0070,1.0,1.0,1.0,1.0,1.0,1.0,1.0,1.0,1.0,1.0,1.0,1.0,0.1610269642,0.0
scene_3205,SWFD_semicircle_sc_BP_slice0070,"SWFD_semicircle_sc,lv128_BP_slice0070",0.23127916651627867,0.8862012381397132,0.8902847202898608,0.8160351428663524,0.27554021160562225,0.7025646879665084,0.9304259166,0.9118587145,0.8628369401137468,0.9368135806909641,0.8832690051681937,0.9503409042,0.1203025858,0.12119961124603
scene_3205,SWFD_semicircle_sc_BP_slice0070,"SWFD_semicircle_sc,ss128_BP_slice0070",0.1790338750656781,0.6319410191754675,0.780619038828631,0.8147686398192976,0.2529287425687792,0.5558942369829806,0.8431817441,0.7111219993,0.7343446725366571,0.921173137563333,0.6264265648188599,0.7407216495,0.0,0.26571530614693095
scene_3205,SWFD_semicircle_sc_BP_slice0070,"SWFD_semicircle_sc,ss32_BP_slice0070",0.0,0.0,0.0,0.0,0.0,0.0,0.0,0.0,0.0,0.0,0.0,0.0,0.9821495083,1.0
scene_3205,SWFD_semicircle_sc_BP_slice0070,"SWFD_semicircle_sc,ss64_BP_slice0070",0.07356518027891067,0.253199489015367,0.4113947885405097,0.4898731828383554,0.09810389547436851,0.1884563127809674,0.3717537506,0.3268944832,0.3910394455580034,0.6822906840025563,0.2543663696656003,0.3354604116,1.0,0.9895595336615786
scene_3207,SWFD_semicircle_sc_BP_slice0002,SWFD_semicircle_sc_BP_slice0002,1.0,1.0,1.0,1.0,1.0,1.0,1.0,1.0,1.0,1.0,1.0,0.9819199658,0.5547243545,0.3772555907758238
scene_3207,SWFD_semicircle_sc_BP_slice0002,"SWFD_semicircle_sc,lv128_BP_slice0002",0.22353156456864778,0.8893278288054441,0.9014924063207015,0.8259999340597766,0.2290759042583145,0.6639947446016602,0.8888715741,0.8788774628,0.8592517113511013,0.9345990151630776,0.8851473319465719,1.0,0.2701566125,0.0
scene_3207,SWFD_semicircle_sc_BP_slice0002,"SWFD_semicircle_sc,ss128_BP_slice0002",0.08768109200640176,0.6596276023249664,0.8028160590330233,0.8393763818812602,0.2076064308546567,0.6973408173687025,0.8640864956,0.7402818467,0.7723360787130528,0.5895733939706086,0.6585368865489483,0.7618447362,0.0,0.6863746938842702
scene_3207,SWFD_semicircle_sc_BP_slice0002,"SWFD_semicircle_sc,ss32_BP_slice0002",0.0,0.0,0.0,0.0,0.0,0.0,0.0,0.0,0.0,0.0,0.0,0.0,1.0,1.0
scene_3207,SWFD_semicircle_sc_BP_slice0002,"SWFD_semicircle_sc,ss64_BP_slice0002",0.0809958600647529,0.3613177926602651,0.5468238819261171,0.6142484108748669,0.08139266729792914,0.27729825156816584,0.5215402153,0.4542282022,0.5124535566914223,0.6594545071180183,0.3600102155475064,0.48343113,0.8212317742,0.9253142618067604
scene_3209,SWFD_semicircle_sc_BP_slice0000,SWFD_semicircle_sc_BP_slice0000,1.0,1.0,1.0,1.0,1.0,1.0,1.0,1.0,1.0,1.0,1.0,0.9948956013,0.1303882011,0.44653268921417416
scene_3209,SWFD_semicircle_sc_BP_slice0000,"SWFD_semicircle_sc,lv128_BP_slice0000",0.0,0.9289920994947601,0.835105337243059,0.5639786997610743,0.14500622348072098,0.0,0.8619670615,0.8529209856,0.8338926124811737,0.0,0.9270027774711321,1.0,0.0,0.0
scene_3209,SWFD_semicircle_sc_BP_slice0000,"SWFD_semicircle_sc,ss128_BP_slice0000",0.2123011120939205,0.8250817741994324,0.8525931380160497,0.7115798766414326,0.2523380710329588,0.4742094570347656,0.8996674108,0.8184747177,0.8250854124846527,0.9381085717416714,0.8149300875359257,0.8107486135,0.6070041846,0.14930446735713054
scene_3209,SWFD_semicircle_sc_BP_slice0000,"SWFD_semicircle_sc,ss32_BP_slice0000",0.009571627923994686,0.0,0.0,0.0,0.0,0.18973974516076753,0.0,0.0,0.0,0.358740927784949,0.0,0.0,1.0,1.0
scene_3209,SWFD_semicircle_sc_BP_slice0000,"SWFD_semicircle_sc,ss64_BP_slice0000",0.12719147453084895,0.4728339385650242,0.5857961363114723,0.5785396308504577,0.09470684615435533,0.27160010150874386,0.558032747,0.4796896463,0.5832524319220164,0.8636216043608133,0.478373649557651,0.4645112387,0.7455067483,0.7087555674563524
scene_3211,SWFD_semicircle_sc_BP_slice0067,SWFD_semicircle_sc_BP_slice0067,1.0,1.0,1.0,1.0,1.0,1.0,1.0,1.0,1.0,1.0,1.0,0.9687401002,0.7016917445,0.0
scene_3211,SWFD_semicircle_sc_BP_slice0067,"SWFD_semicircle_sc,lv128_BP_slice0067",0.0,0.8096529546339089,0.7992443501067658,0.5989722906437008,0.08334534320715363,0.5215726678294235,0.8247291494,0.79619373,0.7340968182093921,0.0,0.8050346741144478,1.0,0.0,0.10002906546233056
scene_3211,SWFD_semicircle_sc_BP_slice0067,"SWFD_semicircle_sc,ss128_BP_slice0067",0.25214099047984995,0.7345748728658784,0.8373729560764295,0.841935368730089,0.18951682662494743,0.7487102902105154,0.8565987149,0.8054403976,0.7676545897413454,0.9763927377159983,0.7310844844847721,0.7840018434,0.9113994265,0.09973628138806355
scene_3211,SWFD_semicircle_sc_BP_slice0067,"SWFD_semicircle_sc,ss32_BP_slice0067",0.0614341858885586,0.0,0.0,0.0,0.0,0.0,0.0,0.0,0.0,0.6381388613283586,0.0,0.0,1.0,1.0
scene_3211,SWFD_semicircle_sc_BP_slice0067,"SWFD_semicircle_sc,ss64_BP_slice0067",0.1333962669980154,0.43258725625978606,0.578161997877483,0.6177258004563357,0.07022493474544333,0.38495934651989433,0.5817018087,0.5215155916,0.5111149563081283,0.8519777552514443,0.4316744625198578,0.4939186755,0.8522460759,0.5553968345976047
scene_3213,SWFD_semicircle_sc_BP_slice0095,SWFD_semicircle_sc_BP_slice0095,1.0,1.0,1.0,1.0,1.0,1.0,1.0,1.0,1.0,1.0,1.0,1.0,0.0,0.17046732490448407
scene_3213,SWFD_semicircle_sc_BP_slice0095,"SWFD_semicircle_sc,lv128_BP_slice0095",0.18408736840468978,0.9121837039772532,0.9165887422434655,0.8627893892397882,0.24054672362252127,0.7135022436975275,0.905052688,0.8890727912,0.8767061560447644,0.8244655502739213,0.9095243978762804,0.9820709899,0.0825600393,0.0
scene_3213,SWFD_semicircle_sc_BP_slice0095,"SWFD_semicircle_sc,ss128_BP_slice0095",0.1708859231820321,0.7181291976145237,0.82378555073847,0.8496606969070841,0.24231922902925285,0.6519247574725845,0.8767858339,0.7652032167,0.800503034742122,0.8660968894062387,0.715032407125125,0.7952487651,0.1641793735,0.69261635192431
scene_3213,SWFD_semicircle_sc_BP_slice0095,"SWFD_semicircle_sc,ss32_BP_slice0095",0.0,0.0,0.0,0.0,0.0,0.0,0.0,0.0,0.0,0.0,0.0,0.0,1.0,1.0
scene_3213,SWFD_semicircle_sc_BP_slice0095,"SWFD_semicircle_sc,ss64_BP_slice0095",0.07757728455330361,0.38221784115223684,0.5280388564840198,0.5916524854806088,0.08620392584773745,0.2949855487860893,0.5193359215,0.4418084076,0.4813950564214621,0.6005664296590791,0.3807517497940745,0.4660665992,0.7772387043,0.919383596426412
scene_3215,SWFD_semicircle_sc_BP_slice0046,SWFD_semicircle_sc_BP_slice0046,1.0,1.0,1.0,1.0,1.0,1.0,1.0,1.0,1.0,1.0,1.0,0.9630394914,0.274988029,0.0
scene_3215,SWFD_semicircle_sc_BP_slice0046,"SWFD_semicircle_sc,lv128_BP_slice0046",0.0,0.8352735855844624,0.7297842229855339,0.3604793650442239,0.05927167993473923,0.2933616119841987,0.8159434474,0.7914484634,0.6962850113343126,0.0,0.8373002032967097,1.0,0.0,0.17348159859729181
scene_3215,SWFD_semicircle_sc_BP_slice0046,"SWFD_semicircle_sc,ss128_BP_slice0046",0.35022829068905365,0.8043082217538028,0.8770366767632137,0.880509903099457,0.3363786017752953,0.4344458783477886,0.9075940375,0.8289196238,0.8414220245111413,0.9945496526683549,0.7988318748836609,0.7657264316,0.7130216254,0.4153491668372111
scene_3215,SWFD_semicircle_sc_BP_slice0046,"SWFD_semicircle_sc,ss32_BP_slice0046",0.19455902961426116,0.0,0.0,0.0,0.0,0.0,0.0,0.0,0.0,0.9515044684436453,0.0,0.0,1.0,0.9298992024213232
scene_3215,SWFD_semicircle_sc_BP_slice0046,"SWFD_semicircle_sc,ss64_BP_slice0046",0.2500314845219144,0.43992283131941473,0.5899366447851634,0.6410673922262519,0.1411977814414142,0.12377496260191609,0.609600526,0.5011960927,0.5449136886607172,0.9750446692724211,0.44265184629797155,0.4434731014,0.9368142007,1.0
scene_3217,SWFD_semicircle_sc_BP_slice0041,SWFD_semicircle_sc_BP_slice0041,1.0,1.0,1.0,1.0,1.0,1.0,1.0,1.0,1.0,1.0,1.0,0.9661549152,0.140709151,0.04810355539918119
scene_3217,SWFD_semicircle_sc_BP_slice0041,"SWFD_semicircle_sc,lv128_BP_slice0041",0.0,0.523612447391189,0.6829855023612104,0.42774068858195197,0.05517194242786705,0.23993326535944398,0.7210880715,0.6296807006,0.584251424659715,0.0,0.5429014530528519,1.0,0.0,0.0
scene_3217,SWFD_semicircle_sc_BP_slice0041,"SWFD_semicircle_sc,ss128_BP_slice0041",0.3357916927747424,0.7351920019420782,0.8352012790978733,0.8439113044278264,0.21041993778339182,0.4104166098639116,0.8681734678,0.7960617458,0.7977016558029918,0.98881006289405,0.7353958153896926,0.7051714705,0.03413017182,0.3710170632904496
scene_3217,SWFD_semicircle_sc_BP_slice0041,"SWFD_semicircle_sc,ss32_BP_slice0041",0.2578333062981457,0.0,0.0,0.0,0.0,0.0,0.0,0.0,0.0,0.9748011950195336,0.0,0.0,1.0,1.0
scene_3217,SWFD_semicircle_sc_BP_slice0041,"SWFD_semicircle_sc,ss64_BP_slice0041",0.3115794047883403,0.44335712715421205,0.6136644059543699,0.6697506646567218,0.09163173263349246,0.13619264836318337,0.628797734,0.5390435009,0.575807845308601,0.9878875898055257,0.44587462570879216,0.4139925643,0.7224014761,0.8132036852563292
scene_3219,SWFD_semicircle_sc_BP_slice0098,SWFD_semicircle_sc_BP_slice0098,1.0,1.0,1.0,1.0,1.0,1.0,1.0,1.0,1.0,1.0,1.0,1.0,0.3479042778,0.0
scene_3219,SWFD_semicircle_sc_BP_slice0098,"SWFD_semicircle_sc,lv128_BP_slice0098",0.0,0.8833449110320942,0.8708486918732452,0.7600240184794432,0.20747813788890956,0.7650920436946372,0.8781362586,0.8627335379,0.8234978453683359,0.0,0.8791638529378147,0.9551549279,0.0,0.07500753709936808
scene_3219,SWFD_semicircle_sc_BP_slice0098,"SWFD_semicircle_sc,ss128_BP_slice0098",0.2142791963281141,0.6898568921854914,0.8071792700029742,0.8399845461644423,0.24979918940123713,0.6406148925456957,0.8553210018,0.7366199522,0.7434621058364391,0.9593042235546553,0.6835518522119479,0.748516962,0.08205035159,0.49166419574553627
scene_3219,SWFD_semicircle_sc_BP_slice0098,"SWFD_semicircle_sc,ss32_BP_slice0098",0.03130854440858361,0.0,0.0,0.0,0.0,0.0,0.0,0.0,0.0,0.4879007498714439,0.0,0.0,0.9927458724,0.8823250516223085
scene_3219,SWFD_semicircle_sc_BP_slice0098,"SWFD_semicircle_sc,ss64_BP_slice0098",0.09876368946751791,0.36695023711898794,0.5200401931356874,0.5802494569958312,0.09830232766375054,0.25346338993704837,0.4897404507,0.4170596674,0.44635675514161516,0.7765899073927042,0.3615495034025303,0.4503132272,1.0,1.0
scene_3301,SWFD_multisegment_ms_BP_slice0082,SWFD_multisegment_ms_BP_slice0082,1.0,1.0,1.0,1.0,1.0,1.0,1.0,1.0,1.0,1.0,1.0,1.0,0.2378214758,0.35647729530661426
scene_3301,SWFD_multisegment_ms_BP_slice0082,SWFD_multisegment_linear_BP_slice0082,0.0,0.6560409629977401,0.6869197206096282,0.4818871062476102,0.12214888115620627,0.2668557643059567,0.6925247199,0.6468106841,0.5713824868302821,0.0,0.6637855259266365,0.9469840698,0.2224799273,0.0
scene_3301,SWFD_multisegment_ms_BP_slice0082,"SWFD_multisegment_ms,ss128_BP_slice0082",0.2642880404502448,0.7503326955266837,0.8647056360015739,0.8822649388696551,0.2567357897348308,0.663416119503556,0.8884395587,0.8397205139,0.8142029721567731,0.9670832624678571,0.7506865014423472,0.8043590481,0.0,0.5619497247210491
scene_3301,SWFD_multisegment_ms_BP_slice0082,"SWFD_multisegment_ms,ss32_BP_slice0082",0.16268661584055633,0.0,0.0,0.0,0.0,0.0,0.0,0.0,0.0,0.85951435253171,0.0,0.0,1.0,1.0
scene_3301,SWFD_multisegment_ms_BP_slice0082,"SWFD_multisegment_ms,ss64_BP_slice0082",0.22493451120827165,0.45928439730402254,0.6414205865271091,0.6771359615516093,0.10557286410411673,0.2443503276102256,0.5591971646,0.5372283733,0.5156456062897815,0.9448953033080545,0.455419909263458,0.5214357992,0.7140835806,0.9199682050293794
scene_3303,SWFD_multisegment_ms_BP_slice0067,SWFD_multisegment_ms_BP_slice0067,1.0,1.0,1.0,1.0,1.0,1.0,1.0,1.0,1.0,1.0,1.0,1.0,0.4993356427,0.0
scene_3303,SWFD_multisegment_ms_BP_slice0067,SWFD_multisegment_linear_BP_slice0067,0.0,0.6321060396699583,0.5602437147909902,0.21333502543784685,0.15326941830265708,0.04375468096353059,0.5520197665,0.4902531385,0.38949576481939824,0.0,0.6264999743751067,0.6209188732,0.0,0.05135121882106388
scene_3303,SWFD_multisegment_ms_BP_slice0067,"SWFD_multisegment_ms,ss128_BP_slice0067",0.21191428355298067,0.7431109626629008,0.8703624536519124,0.8877283456248459,0.22505489887760172,0.7419963484558765,0.8788166003,0.8426486065,0.8137672852664516,0.9499611393402412,0.7450528515602981,0.8277683284,0.7871491147,0.296264741046557
scene_3303,SWFD_multisegment_ms_BP_slice0067,"SWFD_multisegment_ms,ss32_BP_slice0067",0.013386818310127706,0.0,0.0,0.0,0.0,0.0,0.0,0.0,0.0,0.2372612343852139,0.0,0.0,1.0,1.0
scene_3303,SWFD_multisegment_ms_BP_slice0067,"SWFD_multisegment_ms,ss64_BP_slice0067",0.12350569479843267,0.43730099339708645,0.6057942671250847,0.6225798944252604,0.09640039517906657,0.3687929462756347,0.4631298866,0.4700098529,0.5024931552294538,0.8483072189678227,0.4354744832088251,0.5235410055,0.9103870985,0.8523020517225686
scene_3305,SWFD_multisegment_ms_BP_slice0097,SWFD_multisegment_ms_BP_slice0097,1.0,1.0,1.0,1.0,1.0,1.0,1.0,1.0,1.0,1.0,1.0,1.0,0.4659098692,0.19579055802968096
scene_3305,SWFD_multisegment_ms_BP_slice0097,SWFD_multisegment_linear_BP_slice0097,0.0,0.7470888917756351,0.7087860651422611,0.5021275282918519,0.13302440845067495,0.4538711683974619,0.7575195832,0.7244276713,0.6130304919349558,0.0,0.7453707206448155,0.9771636762,0.0,0.0
scene_3305,SWFD_multisegment_ms_BP_slice0097,"SWFD_multisegment_ms,ss128_BP_slice0097",0.3374176496249049,0.7298283405457024,0.845694299603838,0.8685744025210949,0.2431201135007326,0.643794678465514,0.8547667707,0.8021455799,0.7830074642400752,0.9945648772087359,0.729264356847139,0.7925007526,0.6706573813,0.38768749036222355
scene_3305,SWFD_multisegment_ms_BP_slice0097,"SWFD_multisegment_ms,ss32_BP_slice0097",0.18809510872923002,0.0,0.0,0.0,0.0,0.0,0.0,0.0,0.0,0.9440478409596951,0.0,0.0,1.0,1.0
scene_3305,SWFD_multisegment_ms_BP_slice0097,"SWFD_multisegment_ms,ss64_BP_slice0097",0.1979662466140833,0.41368007796853157,0.5934597863924684,0.6434152736933912,0.09630513433639762,0.2536022848275762,0.5772348922,0.5293568539,0.519216287619885,0.9382350588631315,0.41251911726215174,0.4832548271,0.7796912548,0.7449641966258342
scene_3307,SWFD_multisegment_ms_BP_slice0041,SWFD_multisegment_ms_BP_slice0041,1.0,1.0,1.0,1.0,1.0,1.0,1.0,1.0,1.0,1.0,1.0,1.0,0.3753341243,0.0
scene_3307,SWFD_multisegment_ms_BP_slice0041,SWFD_multisegment_linear_BP_slice0041,0.0,0.7296841235234571,0.6847118755884389,0.511059217324448,0.09985671898857225,0.11303799333216996,0.7456309595,0.7218592091,0.5073180136320521,0.0,0.7220632328835319,0.9330784364,0.0,0.018490668762135697
scene_3307,SWFD_multisegment_ms_BP_slice0041,"SWFD_multisegment_ms,ss128_BP_slice0041",0.2359690571569214,0.6969061782231067,0.8558401462982832,0.8714744321146629,0.2160476650036454,0.6897526774798027,0.8256760669,0.8044336395,0.7756263813481388,0.9679834087897047,0.6953083350571855,0.819275619,0.4711537811,0.29298308121570915
scene_3307,SWFD_multisegment_ms_BP_slice0041,"SWFD_multisegment_ms,ss32_BP_slice0041",0.08968044171761315,0.0,0.0,0.0,0.0,0.0,0.0,0.0,0.0,0.7683941456052601,0.0,0.0,1.0,1.0
scene_3307,SWFD_multisegment_ms_BP_slice0041,"SWFD_multisegment_ms,ss64_BP_slice0041",0.17111406061622988,0.36078174352607933,0.5644485918391835,0.5612214646125746,0.07995744783338093,0.3038750237467637,0.439049289,0.4589031633,0.41846214716715624,0.9354236782398027,0.3554982167064965,0.5047575594,0.6105252707,0.7755999626100923
scene_3309,SWFD_multisegment_ms_BP_slice0018,SWFD_multisegment_ms_BP_slice0018,1.0,1.0,1.0,1.0,1.0,1.0,1.0,1.0,1.0,1.0,1.0,0.9363998689,0.3122874856,0.23526568216124072
scene_3309,SWFD_multisegment_ms_BP_slice0018,SWFD_multisegment_linear_BP_slice0018,0.0,0.6399459428323057,0.6483809924787873,0.34721685107499445,0.06748938140038856,0.0,0.6406467963,0.6043541435,0.47374250019753555,0.0,0.6348502854728065,1.0,0.0,0.0
scene_3309,SWFD_multisegment_ms_BP_slice0018,"SWFD_multisegment_ms,ss128_BP_slice0018",0.3314986709992258,0.7299338326998287,0.8755439349150472,0.890194464520643,0.24847897535975505,0.7929023195385355,0.8594536728,0.8212185389,0.751557519810195,0.9937773495427833,0.7301425518706535,0.76910119,0.5265353887,0.6596966555771382
scene_3309,SWFD_multisegment_ms_BP_slice0018,"SWFD_multisegment_ms,ss32_BP_slice0018",0.17034863507444511,0.0,0.0,0.0,0.0,0.15621613888243557,0.0,0.0,0.0,0.9056048341033176,0.0,0.0,1.0,0.882993950841148
scene_3309,SWFD_multisegment_ms_BP_slice0018,"SWFD_multisegment_ms,ss64_BP_slice0018",0.2550828811578003,0.40271393588979776,0.6187960727868609,0.6385539115123021,0.10641522480395622,0.4730764618397956,0.5245524149,0.5105985823,0.44650918782074334,0.9790441608561692,0.40100452103861095,0.4725274563,0.7279992392,1.0
scene_3311,SWFD_multisegment_ms_BP_slice0023,SWFD_multisegment_ms_BP_slice0023,1.0,1.0,1.0,1.0,1.0,1.0,1.0,1.0,1.0,1.0,1.0,0.9749583135,0.3541847133,0.25613668737203704
scene_3311,SWFD_multisegment_ms_BP_slice0023,SWFD_multisegment_linear_BP_slice0023,0.0,0.798709842960179,0.7850436231367321,0.5914892585826086,0.08133235890701823,0.1569129794654728,0.712409632,0.6692878072,0.6070110057989074,0.0,0.7929685209769509,1.0,0.0,0.0
scene_3311,SWFD_multisegment_ms_BP_slice0023,"SWFD_multisegment_ms,ss128_BP_slice0023",0.2442407652296978,0.742610635484474,0.8588675688741553,0.8799226797639208,0.22781372206785136,0.7083454477885032,0.8444038566,0.8149592423,0.7889670271530964,0.966161472159793,0.7413394771338027,0.8128230381,0.7062132429,0.5831853262520171
scene_3311,SWFD_multisegment_ms_BP_slice0023,"SWFD_multisegment_ms,ss32_BP_slice0023",0.14238121387166466,0.0,0.0,0.0,0.0,0.0,0.0,0.0,0.0,0.9047562624935407,0.0,0.0,1.0,1.0
scene_3311,SWFD_multisegment_ms_BP_slice0023,"SWFD_multisegment_ms,ss64_BP_slice0023",0.21437847103998117,0.42702730429990804,0.6039135646967249,0.6336345850685147,0.08995291625858445,0.3263324386572485,0.5301878437,0.514816194,0.5224653210442661,0.9647522621146183,0.4253557387094497,0.4971028077,0.7282162671,0.8799726073680504
scene_3313,SWFD_multisegment_ms_BP_slice0042,SWFD_multisegment_ms_BP_slice0042,1.0,1.0,1.0,1.0,1.0,1.0,1.0,1.0,1.0,1.0,1.0,0.9886955911,0.5151806805,0.3585296732064311
scene_3313,SWFD_multisegment_ms_BP_slice0042,SWFD_multisegment_linear_BP_slice0042,0.06519421699850823,0.7501057990663454,0.6332778589578738,0.3346858532477662,0.10278276811024291,0.25699507070821664,0.6582633092,0.6186773079,0.476730592847117,0.28713823079245915,0.7365165960910016,1.0,0.0,0.0
scene_3313,SWFD_multisegment_ms_BP_slice0042,"SWFD_multisegment_ms,ss128_BP_slice0042",0.13880976447068977,0.6707370684101678,0.8207526006314437,0.8488858024777709,0.25917701987850555,0.7211017393051748,0.8080529392,0.7588439204,0.7119648811233535,0.7997500123957905,0.6681242760900244,0.7548572588,0.6628447984,0.5321020691197612
scene_3313,SWFD_multisegment_ms_BP_slice0042,"SWFD_multisegment_ms,ss32_BP_slice0042",0.0,0.0,0.0,0.0,0.0,0.0,0.0,0.0,0.0,0.0,0.0,0.0,1.0,1.0
scene_3313,SWFD_multisegment_ms_BP_slice0042,"SWFD_multisegment_ms,ss64_BP_slice0042",0.07753276583893656,0.3605084049086114,0.5462271757125035,0.5786390990395847,0.10145161366449873,0.3327097042196474,0.4857206642,0.4532131468,0.3904864924349552,0.6304941096203248,0.35679782492352674,0.4662654207,0.7825236344,0.8754007241796603
scene_3315,SWFD_multisegment_ms_BP_slice0084,SWFD_multisegment_ms_BP_slice0084,1.0,1.0,1.0,1.0,1.0,1.0,1.0,1.0,1.0,1.0,1.0,0.9937143647,0.2308048855,0.1827953980856266
scene_3315,SWFD_multisegment_ms_BP_slice0084,SWFD_multisegment_linear_BP_slice0084,0.0,0.7136572969311563,0.7499522100307441,0.5841393896919953,0.07376338682086138,0.4112141799487858,0.7012535102,0.675324051,0.5647201824669535,0.0,0.7156901557463075,1.0,0.0,0.0
scene_3315,SWFD_multisegment_ms_BP_slice0084,"SWFD_multisegment_ms,ss128_BP_slice0084",0.33226764600900793,0.7562271122237353,0.8736602717274878,0.8896169101988654,0.2655528016108091,0.5087222104575594,0.8484093111,0.8225314965,0.8271937050057647,0.9917288992129606,0.7567159805349171,0.8072160536,0.6833894417,0.36482598326783156
scene_3315,SWFD_multisegment_ms_BP_slice0084,"SWFD_multisegment_ms,ss32_BP_slice0084",0.22259660715044813,0.0,0.0,0.0,0.0,0.0,0.0,0.0,0.0,0.9668104135204212,0.0,0.0,1.0,1.0
scene_3315,SWFD_multisegment_ms_BP_slice0084,"SWFD_multisegment_ms,ss64_BP_slice0084",0.253755812900861,0.42174109526248577,0.6150494839851585,0.6488440686041476,0.12012547469509699,0.1618751052057357,0.5034016735,0.4952642515,0.5245094916156573,0.9718325385621356,0.42412402756682194,0.4724416094,0.6407006026,0.8132780523084084
scene_3317,SWFD_multisegment_ms_BP_slice0056,SWFD_multisegment_ms_BP_slice0056,1.0,1.0,1.0,1.0,1.0,1.0,1.0,1.0,1.0,1.0,1.0,1.0,0.2804962321,0.21512077315871553
scene_3317,SWFD_multisegment_ms_BP_slice0056,SWFD_multisegment_linear_BP_slice0056,0.0,0.7736628430891399,0.6976628851030169,0.4662586162373587,0.12130237167632188,0.34591873519410704,0.6915476187,0.6414487085,0.5853130114647204,0.0,0.7679031774310718,0.9434490685,0.0,0.0
scene_3317,SWFD_multisegment_ms_BP_slice0056,"SWFD_multisegment_ms,ss128_BP_slice0056",0.2644897183192568,0.7130243473508329,0.8381213581763937,0.8642592254826964,0.2361246552439158,0.7337969919826547,0.8394134952,0.7880458396,0.7540654321133676,0.981556633183983,0.7131343684149907,0.8028699167,0.4890384253,0.4741730233637812
scene_3317,SWFD_multisegment_ms_BP_slice0056,"SWFD_multisegment_ms,ss32_BP_slice0056",0.11159464430180911,0.0,0.0,0.0,0.0,0.0,0.0,0.0,0.0,0.8429397198042874,0.0,0.0,1.0,1.0
scene_3317,SWFD_multisegment_ms_BP_slice0056,"SWFD_multisegment_ms,ss64_BP_slice0056",0.14233289701423457,0.40554897738213275,0.5745946040502775,0.6225239327625538,0.09321132006581652,0.34592685001326945,0.5320250687,0.4957160816,0.4873219818132673,0.8680676326669228,0.404649575662978,0.5133177758,0.7128119144,0.7228640039794045
scene_3319,SWFD_multisegment_ms_BP_slice0048,SWFD_multisegment_ms_BP_slice0048,1.0,1.0,1.0,1.0,1.0,1.0,1.0,1.0,1.0,1.0,1.0,0.9724393717,0.5212539962,0.39165493292409187
scene_3319,SWFD_multisegment_ms_BP_slice0048,SWFD_multisegment_linear_BP_slice0048,0.0,0.6628730651210332,0.5823045451526758,0.2909772898017696,0.07925646408843423,0.2793739107335435,0.6030159593,0.5638807427,0.4448092363922863,0.0,0.6565697709552627,1.0,0.0,0.0
scene_3319,SWFD_multisegment_ms_BP_slice0048,"SWFD_multisegment_ms,ss128_BP_slice0048",0.2642759365782298,0.7114695582150153,0.8448365633403058,0.8685907529653906,0.2865212698558599,0.7215596640473418,0.8329167621,0.7902437165,0.7559584300030792,0.9765681130626463,0.7124269913496705,0.777815089,0.5563755887,0.907670487542912
scene_3319,SWFD_multisegment_ms_BP_slice0048,"SWFD_multisegment_ms,ss32_BP_slice0048",0.1316106006649938,0.0,0.0,0.0,0.0,0.0,0.0,0.0,0.0,0.842565287864565,0.0,0.0,1.0,1.0
scene_3319,SWFD_multisegment_ms_BP_slice0048,"SWFD_multisegment_ms,ss64_BP_slice0048",0.1804689578094395,0.3566908524897644,0.5506951583323787,0.5955040138907259,0.11854512621748209,0.28528341285623077,0.4729983296,0.4489811365,0.4234015373158385,0.9193285239385776,0.35744603773840344,0.4264472359,0.7152342958,0.97576991969191
scene_5001,DoranssoPhantom_Rf_101822_211937 PA_GT,DoranssoPhantom_Rf_101822_211937 PA_GT,1.0,1.0,1.0,1.0,1.0,1.0,1.0,1.0,1.0,1.0,1.0,1.0,0.0,1.0
scene_5001,DoranssoPhantom_Rf_101822_211937 PA_GT,DoranssoPhantom_Rf_101822_211937 PA2,0.0,0.0,0.0,0.0,0.0,0.0,0.0,0.0,0.0,0.0,0.0,0.0,0.9608730727,0.38479010655399853
scene_5001,DoranssoPhantom_Rf_101822_211937 PA_GT,DoranssoPhantom_Rf_101822_211937 PA3,0.055279950554319245,0.04365104094315695,0.20086657316787426,0.17720135440759885,0.06517339957040826,0.1408859968131274,0.06049887666,0.06802465868,0.07557151819096043,0.04361734742380233,0.047051528319757875,0.3590537221,1.0,0.3190492015619194
scene_5001,DoranssoPhantom_Rf_101822_211937 PA_GT,DoranssoPhantom_Rf_101822_211937 PA4,0.08675492565676328,0.07231717569474103,0.3247984638553106,0.2895191368893554,0.11360158214441687,0.23655182950237477,0.1185611331,0.1297015283,0.12758435871156804,0.06604648416811247,0.07595690287706554,0.5263175022,0.9188386432,0.37569655422031395
scene_5001,DoranssoPhantom_Rf_101822_211937 PA_GT,DoranssoPhantom_Rf_101822_211937 PA5,0.13994507158915742,0.12545030841072896,0.5068073981784262,0.4464699477180717,0.178912724225027,0.3869578416786836,0.2389505947,0.260687649,0.2370007614553711,0.10286569740815242,0.1292388920045408,0.7255704783,0.9009990403,0.3401497244146277
scene_5001,DoranssoPhantom_Rf_101822_211937 PA_GT,DoranssoPhantom_Rf_101822_211937 PA6,0.21719135621602015,0.2844279396375852,0.7470995223712938,0.6768962255247561,0.31233715051520733,0.5975541602104611,0.4802949135,0.4986291355,0.44395118233187275,0.15221282291263655,0.28234315753385475,0.8837866447,0.7220888416,0.1169028616795145
scene_5001,DoranssoPhantom_Rf_101822_211937 PA_GT,DoranssoPhantom_Rf_101822_211937 PA7,0.3020650696654295,0.6196679856325638,0.9092769637731596,0.8609159037283184,0.44723740632325326,0.7928270418680098,0.7344662398,0.7396364163,0.6930110920705393,0.17036156350165563,0.6229388514838364,0.9673856457,0.8430542103,0.0
scene_5002,KWave_Rf_102622_011023 PA_GT,KWave_Rf_102622_011023 PA_GT,1.0,1.0,1.0,1.0,1.0,1.0,1.0,1.0,1.0,1.0,1.0,1.0,0.0,0.39608949173636904
scene_5002,KWave_Rf_102622_011023 PA_GT,KWave_Rf_102622_011023 PA2,0.0,0.0,0.0,0.0,0.0,0.0,0.0,0.0,0.0,0.9999999999999982,0.0,0.0,1.0,0.6961603358243496
scene_5002,KWave_Rf_102622_011023 PA_GT,KWave_Rf_102622_011023 PA3,0.058653126123881835,0.03792267069945247,0.2252186087764961,0.16267500347787925,0.06742447801315003,0.0958582480475428,0.1139891266,0.1318506957,0.08933371304528803,0.9999999999999982,0.037607397587479725,0.3276448396,0.9481216407,0.5901877713619778
scene_5002,KWave_Rf_102622_011023 PA_GT,KWave_Rf_102622_011023 PA4,0.15242967726284096,0.19562687098467063,0.5510707713089542,0.4466246375745546,0.18730268977222414,0.2640607197617578,0.3841617922,0.4045298641,0.29553323152889033,0.9999999999999982,0.1909066347686302,0.6951790274,0.833846274,0.9849735699094703
scene_5002,KWave_Rf_102622_011023 PA_GT,KWave_Rf_102622_011023 PA5,0.25967086117096466,0.5776833035722255,0.8312264802594811,0.7107998276571128,0.35468496279224226,0.5340655652804324,0.6900213736,0.6986149384,0.5961961262575105,0.9999999999999983,0.5753950877082205,0.892767186,0.907470907,0.0
scene_5002,KWave_Rf_102622_011023 PA_GT,KWave_Rf_102622_011023 PA6,0.3408933961919085,0.8983259331835669,0.9595173372708248,0.8642960103296022,0.4478653639023597,0.7295751258540584,0.8139347175,0.8148249605,0.7385942853580508,0.0,0.8992319068843048,0.9441765569,0.5129088747,0.7264917589273211
scene_5002,KWave_Rf_102622_011023 PA_GT,KWave_Rf_102622_011023 PA7,0.4234293364732091,0.9701442905619843,0.9904808326656214,0.962723838401963,0.6233825542735574,0.8173853548805564,0.9322788037,0.9294906974,0.893360095077563,0.3239148645841637,0.9721087478484982,0.9847280523,0.1096772429,1.0
scene_5003,BVPhantom_Rf_102622_020539 PA7,BVPhantom_Rf_102622_020539 PA7,1.0,1.0,1.0,1.0,1.0,1.0,1.0,1.0,1.0,0.557574079419699,1.0,0.990120546,0.2702795562,0.0
scene_5003,BVPhantom_Rf_102622_020539 PA7,BVPhantom_Rf_102622_020539 PA2,0.0,0.0,0.0,0.0,0.0,0.0,0.0,0.0,0.0,0.5575740794196865,0.0,0.0,1.0,0.7905040096220319
scene_5003,BVPhantom_Rf_102622_020539 PA7,BVPhantom_Rf_102622_020539 PA3,0.08608602578953377,0.08026907983400694,0.3579508620404182,0.27038812978332266,0.06177479634370462,0.18383529029217743,0.2241283759,0.2401897585,0.1742112502422658,0.5575740794196867,0.07937575718198363,0.5158703225,0.8935873138,1.0
scene_5003,BVPhantom_Rf_102622_020539 PA7,BVPhantom_Rf_102622_020539 PA4,0.1427675298235456,0.2076633694688032,0.5642786792483917,0.45447570258449893,0.13072840014835574,0.3061113711696034,0.4029633584,0.4170826573,0.32326044549961674,0.557574079419687,0.20154945462718668,0.7138221335,0.8307654964,0.4708331620096031
scene_5003,BVPhantom_Rf_102622_020539 PA7,BVPhantom_Rf_102622_020539 PA5,0.21800851187353773,0.4770182465160968,0.7778885441385386,0.6702722587471602,0.25696178785289125,0.4469183883460179,0.6218259736,0.6300668631,0.5367980296384979,0.5575740794196874,0.4705143290840217,0.8755833209,0.8534443663,0.0692180214939681
scene_5003,BVPhantom_Rf_102622_020539 PA7,BVPhantom_Rf_102622_020539 PA6,0.31826707227488393,0.8628300002212975,0.9542576813084399,0.8573093898794935,0.3865183259992502,0.6523188187758296,0.841993051,0.8392177005,0.7529536507690309,1.0,0.8672231146645579,0.9697137998,0.8447651352,0.08541087334380368
scene_5003,BVPhantom_Rf_102622_020539 PA7,BVPhantom_Rf_102622_020539 PA_GT,0.3844081608667915,0.9529951410131712,0.9880928886965266,0.9609903719063047,0.46577259915487484,0.7131722439487127,0.9180926959,0.9154794941,0.8663645062908395,0.0,0.9550077116706464,1.0,0.0,0.13174116121450755
scene_5004,BMPIPhantom_Rf_101922_174436 PA5,BMPIPhantom_Rf_101922_174436 PA5,1.0,1.0,1.0,1.0,1.0,1.0,1.0,1.0,1.0,1.0,1.0,0.9169938445,0.8776283693,1.0
scene_5004,BMPIPhantom_Rf_101922_174436 PA5,BMPIPhantom_Rf_101922_174436 PA2,0.0,0.0,0.0,0.0,0.0,0.0,0.0,0.0,0.0,0.0,0.0,0.0,0.5344814529,0.0
scene_5004,BMPIPhantom_Rf_101922_174436 PA5,BMPIPhantom_Rf_101922_174436 PA3,0.06300425033876138,0.20388596740860854,0.4060246278820247,0.3917789858095795,0.12690078443711036,0.3986030632318004,0.2310919292,0.2429364217,0.220890213050165,0.14065824344740166,0.20095771554456582,0.3564652424,0.5554453589,0.022963621398843125
scene_5004,BMPIPhantom_Rf_101922_174436 PA5,BMPIPhantom_Rf_101922_174436 PA4,0.1623818676656562,0.5480771448997771,0.7487376460296598,0.7228482153233494,0.27823364181160165,0.7581410939208555,0.5679264199,0.5717196794,0.524772967310362,0.4246264789645518,0.551144049346523,0.754007706,0.7219695729,0.794184576118075
scene_5004,BMPIPhantom_Rf_101922_174436 PA5,BMPIPhantom_Rf_101922_174436 PA6,0.1892829633649419,0.6193090421594162,0.815184523880208,0.7752552018366551,0.2592799328712538,0.7950987686410977,0.6268993875,0.6258219593,0.5512564970697216,0.3031810732053385,0.6369389893462417,0.8816102111,1.0,0.7668599816696188
scene_5004,BMPIPhantom_Rf_101922_174436 PA5,BMPIPhantom_Rf_101922_174436 PA7,0.21808606368426736,0.6134081223285097,0.8766940796461798,0.8597783106141884,0.36447620409230747,0.8310367282836614,0.6866844274,0.6935119738,0.6638971676436808,0.23237822125804738,0.6285178897128276,0.9383581559,0.3916140833,0.25679845729430995
scene_5004,BMPIPhantom_Rf_101922_174436 PA5,BMPIPhantom_Rf_101922_174436 PA_GT,0.20405863854838732,0.5645150785304408,0.8536552286470788,0.8327362433867823,0.3258950525202317,0.785970069940822,0.6368403569,0.6475221139,0.6157227273232115,0.1958507190765814,0.580423931711704,1.0,0.0,0.2756298042420936
scene_5100,Wrist 4,Wrist 4,1.0,1.0,1.0,1.0,1.0,1.0,1.0,1.0,1.0,1.0,1.0,0.393963022,0.8083844125,0.12339963233907092
scene_5100,Wrist 4,Wrist 1,0.04699698802803786,0.23125406563646042,0.3246734953815531,0.2503208494180562,0.004717657942885388,0.0,0.2139381114,0.2140286413,0.1804305635303632,0.22845816295021557,0.21532634965480266,0.9408906888,0.8390264533,1.0
scene_5100,Wrist 4,Wrist 2,0.017474890939057564,0.0,0.07193529319153309,0.06793617303481377,0.0,0.3927814691960131,0.0,0.0,0.0,0.0,0.0,1.0,0.0,0.22147324929707538
scene_5100,Wrist 4,Wrist 3,0.029936802465172333,0.2540806626410276,0.2991413386320772,0.2225161100480584,0.008637987500874616,0.1598627683546241,0.2408365462,0.2250995408,0.20675540667205314,0.30962463652774347,0.2368039361468028,0.6465018899,1.0,0.6012586471182071
scene_5100,Wrist 4,Wrist 5,0.0,0.1068132403093868,0.0,0.0,4.306573465708145e-05,0.3952984343174808,0.2170717882,0.2003777788,0.220377208360841,0.37616392082114525,0.10419191748353263,0.0,0.9729292383,0.0
scene_5101,Radial 3,Radial 3,1.0,1.0,1.0,1.0,1.0,1.0,1.0,1.0,1.0,1.0,1.0,0.4436650106,0.9236241118,0.0
scene_5101,Radial 3,Radial 1,0.02562286227409988,0.0,0.0,0.0,0.0,0.0,0.0,0.0,0.0,0.0,0.0,1.0,0.0,1.0
scene_5101,Radial 3,Radial 2,0.09003146526684241,0.2292098546654124,0.19652778707033797,0.22871412563657914,0.02778232155613244,0.7371621935006175,0.3187748706,0.3048717507,0.31670321961421327,0.5024568033551752,0.1973675990268079,0.6392422708,0.9083363887,0.4819256136924943
scene_5101,Radial 3,Radial 4,0.08798282430054644,0.22360980727895524,0.11322619111211915,0.18292879464465092,0.02258686986956324,0.6984823218014055,0.3288746691,0.3058760955,0.3194415751537038,0.6815049883916426,0.1895112160498713,0.4537075284,0.9631109133,0.6395951785875009
scene_5101,Radial 3,Radial 5,0.10843645350935718,0.5857334102929174,0.6031908206340757,0.6221689724595407,0.16591517155879984,0.8782040056434626,0.4359507947,0.4093846811,0.42078296177113805,0.7710056474437338,0.5808826127905576,0.2655965,0.9181418975,0.13533391629493333
scene_5101,Radial 3,Radial 6,0.0,0.2554759047231426,0.20509425278037086,0.3104271749998657,0.05893380640701087,0.7679913551928764,0.2140882068,0.1677203439,0.27168744951902507,0.46343034300479674,0.24745677016808404,0.0,1.0,0.025333602628942943
scene_5102,Finger 2,Finger 2,1.0,1.0,1.0,1.0,1.0,1.0,1.0,1.0,1.0,1.0,1.0,0.3216330866,0.8690472975,0.4290479633333578
scene_5102,Finger 2,Finger 1,0.10283640873380928,0.2452993764662659,0.2109242338390901,0.17705998659864722,0.1081555418737925,0.21393889424918158,0.0,0.02431601313,0.03089291709243314,0.0,0.24617955147082876,0.6751924333,0.0,1.0
scene_5102,Finger 2,Finger 3,0.0711099775617097,0.17896550286549964,0.33500727025023674,0.30139852727432154,0.08456082805628531,0.37938759263549093,0.2481939071,0.2192927321,0.15884266298458585,0.29233975832346415,0.1742249983146972,0.2604514435,0.8875673318,0.2030428647728334
scene_5102,Finger 2,Finger 4,0.04511097848796478,0.0901041180890959,0.1926628437772454,0.1678867760279048,0.0444206917242324,0.23744775082995837,0.1708009607,0.1365203072,0.09296627490673047,0.22918036937976208,0.08686755123831645,0.1980063907,0.919703989,0.06174529267224233
scene_5102,Finger 2,Finger 5,0.0,0.0,0.0,0.0,0.02251359536852272,0.0,0.03804303539,0.0,0.0,0.13610362048578012,0.0,0.0,1.0,0.20618599421610567
scene_5102,Finger 2,Finger 6,0.09426648724098317,0.32310102391366013,0.303866148463925,0.16006372784923514,0.0,0.28808424004673755,0.201368063,0.181512821,0.03345750641798394,0.37877249149232506,0.3124383403155585,1.0,0.5462058072,0.0
scene_6000,Liver_1 54-80,Liver_1 54-80,1.0,1.0,1.0,1.0,1.0,1.0,1.0,1.0,1.0,1.0,1.0,0.3239412843,0.4799598034,0.0
scene_6000,Liver_1 54-80,Liver_1 51-80,0.15985794822803642,0.35842745679167093,0.44640400566695787,0.2414118722736281,0.0,0.0,0.5686339711,0.5135858506,0.4528826054031429,0.7214704200435155,0.372554131894342,1.0,0.0,0.49631001592102986
scene_6000,Liver_1 54-80,Liver_1 56-80,0.11974588614739659,0.4576825103052789,0.5609244697809558,0.40611918824108134,0.6641392444525003,0.3625736693150725,0.4138812557,0.4020445498,0.47058674568227393,0.0,0.44410368567649067,0.0,0.7157603752,0.048353624673720876
scene_6000,Liver_1 54-80,Liver_1 59-80,0.0,0.0,0.0,0.0,0.37322318261197684,0.34622237962214053,0.0,0.0,0.0,0.9999999999958624,0.0,0.04310025232,1.0,1.0
scene_6001,Bladder 56-80,Bladder 56-80,1.0,1.0,1.0,1.0,1.0,1.0,1.0,1.0,1.0,0.9973989591343385,1.0,0.4772188845,0.5847219842,0.6517408783939008
scene_6001,Bladder 56-80,Bladder 50-80,0.0012572794180762859,0.33297405360733007,0.4348769436528591,0.1304287750997563,0.0,0.0,0.01126511719,0.0,0.0,1.0,0.32407987747679157,1.0,0.0,0.9492244825006022
scene_6001,Bladder 56-80,Bladder 53-80,0.04937675781951212,0.44011979018356673,0.5019583072178494,0.18324307420584043,0.07925862257509654,0.11260428794955053,0.1816932369,0.1660182708,0.13336843931427222,0.0,0.43982865397572174,0.7208184971,0.1327303887,1.0
scene_6001,Bladder 56-80,Bladder 59-80,0.0,0.0,0.0,0.0,0.2635238614821579,0.29708452934701796,0.0,0.01895439058,0.1488533001167143,0.9988329659909836,0.0,0.0,1.0,0.0
scene_6002,Brain 56-80,Brain 56-80,1.0,1.0,1.0,1.0,1.0,1.0,1.0,1.0,1.0,0.8748157225148375,1.0,0.2412130285,0.766884217,0.20608484890787054
scene_6002,Brain 56-80,Brain 51-80,0.043324966402972134,0.0,0.0,0.0,0.0,0.053345083631026746,0.0,0.0,0.0,0.8734225032323667,0.0,1.0,0.0,0.7241797649916044
scene_6002,Brain 56-80,Brain 54-80,0.09834220639267495,0.2527873573566758,0.38269170314029705,0.34732849840866276,0.26045280463445947,0.0,0.3647838499,0.3354049635,0.3385865687027359,1.0,0.22932743470730413,0.6694354298,0.3612705095,1.0
scene_6002,Brain 56-80,Brain-59-80,0.0,0.20807063444255175,0.3879759893226254,0.3800058884304942,0.806401453781915,0.39467239440618496,0.2847095336,0.2901984836,0.4117427669291847,0.0,0.0565789434265732,0.0,1.0,0.0
scene_6003,Hindlimb 56-80,Hindlimb 56-80,1.0,1.0,1.0,1.0,1.0,1.0,1.0,1.0,1.0,1.1518593915892245e-12,1.0,0.06297210448,0.8488567939,0.05447047524422383
scene_6003,Hindlimb 56-80,Hindlimb 49-80,0.0,0.0,0.0,0.0,0.0,0.0,0.0,0.0,0.0,0.0011588916610549653,0.0,1.0,0.0,1.0
scene_6003,Hindlimb 56-80,Hindlimb 53-80,0.07045005177469114,0.3485131704917874,0.5422053266284447,0.5140012606810815,0.3894126913125648,0.17066982438246278,0.4031758287,0.4185150441,0.49025926194580227,1.0,0.33768473244037595,0.4045170417,0.5470208664,0.5317666720041714
scene_6003,Hindlimb 56-80,Hindlimb 59-80,0.09354743617043498,0.6216068011882144,0.7790724833481297,0.7332940969596243,0.7688732166545341,0.6196350299094063,0.4863719837,0.5484627745,0.6780348640154088,0.0,0.5836164350964304,0.0,1.0,0.0
scene_6004,Kidneys 900nm 56-80,Kidneys 900nm 56-80,1.0,1.0,1.0,1.0,1.0,1.0,1.0,1.0,1.0,0.002241843391387124,1.0,0.1309169367,0.7756464169,0.0
scene_6004,Kidneys 900nm 56-80,Kidneys 900nm 53-80,0.20570126688151946,0.6884237384413928,0.7957747903407334,0.7137763266204192,0.5450433344493016,0.2586676759788612,0.6956707626,0.7327739154,0.7642219181919145,1.0,0.6423827579304853,0.3072165023,0.6176171559,0.29146229625316344
scene_6004,Kidneys 900nm 56-80,Kidneys 900nm 59-80,0.0,0.14853968076854782,0.3363099674525319,0.348242338657244,0.6866088800681323,0.39801217179710696,0.0,0.114395025,0.254876597466027,0.0024854581256812734,0.09558113248444766,0.0,1.0,0.278785137601673
scene_6004,Kidneys 900nm 56-80,Kidneys cross section -50-80,0.06628259251731,0.0,0.0,0.0,0.0,0.0,0.09323949213,0.0,0.0,0.0,0.0,1.0,0.0,1.0
